play,qtr,coarse_snap,true_snap,true_snap_v2,diff_from_v1,frame_file,error_s,method,justification,v2_justification
5,1,89.0,91.05,91.05,0.0,(carried from truth.csv; method/justification column already records the decided frame index under the same definition -- ball-release/O-line-motion -- consistent with A2-A4 chip-clear and visual-motion methods),2.05,chip-clear,"PRE-PLAY/SUBS chip crop stddev collapses to <8 and stays low from idx37 (t=+2.1) through end of window (idx40); midpoint between last high frame (idx36, t=+2.0, std 11.96) and first sustained-low frame taken as snap.","PRE-PLAY/SUBS chip crop stddev collapses to <8 and stays low from idx37 (t=+2.1) through end of window (idx40); midpoint between last high frame (idx36, t=+2.0, std 11.96) and first sustained-low frame taken as snap."
12,1,262.0,262.7,262.7,0.0,(carried from truth.csv; method/justification column already records the decided frame index under the same definition -- ball-release/O-line-motion -- consistent with A2-A4 chip-clear and visual-motion methods),0.7,visual-prompt,"On-screen SNAP prompt (idx19-22, t=+0.3..+0.6) switches to HIKE prompt at idx23 (t=+0.7) with simultaneous o-line hand/stance change; snap taken at prompt transition.","On-screen SNAP prompt (idx19-22, t=+0.3..+0.6) switches to HIKE prompt at idx23 (t=+0.7) with simultaneous o-line hand/stance change; snap taken at prompt transition."
15,1,318.0,318.45,318.45,0.0,(carried from truth.csv; method/justification column already records the decided frame index under the same definition -- ball-release/O-line-motion -- consistent with A2-A4 chip-clear and visual-motion methods),0.45,visual-motion,"Fixed PRE-PLAY/SUBS chip left frame during an unrelated broadcast pan/zoom (crop stddev misleading, not usable here). Full-frame view: formation static through idx19-20 (t=+0.3/+0.4), o-line clearly fired off and WR routes started by idx21-22 (t=+0.5/+0.6); snap taken at midpoint idx20/21.","Fixed PRE-PLAY/SUBS chip left frame during an unrelated broadcast pan/zoom (crop stddev misleading, not usable here). Full-frame view: formation static through idx19-20 (t=+0.3/+0.4), o-line clearly fired off and WR routes started by idx21-22 (t=+0.5/+0.6); snap taken at midpoint idx20/21."
25,1,512.0,513.95,513.95,0.0,(carried from truth.csv; method/justification column already records the decided frame index under the same definition -- ball-release/O-line-motion -- consistent with A2-A4 chip-clear and visual-motion methods),1.95,chip-clear,"Chip crop stddev collapses to <10 and stays low from idx36 (t=+2.0); midpoint with last high frame (idx35, t=+1.9) taken as snap.","Chip crop stddev collapses to <10 and stays low from idx36 (t=+2.0); midpoint with last high frame (idx35, t=+1.9) taken as snap."
33,1,702.0,702.35,702.35,0.0,(carried from truth.csv; method/justification column already records the decided frame index under the same definition -- ball-release/O-line-motion -- consistent with A2-A4 chip-clear and visual-motion methods),0.35,chip-clear,"Chip crop stddev collapses to <10 and stays low from idx20 (t=+0.4); midpoint with last high frame (idx19, t=+0.3) taken as snap.","Chip crop stddev collapses to <10 and stays low from idx20 (t=+0.4); midpoint with last high frame (idx19, t=+0.3) taken as snap."
40,2,847.0,848.45,848.6,0.15,"p40/f_022.jpg (idx21, t=+0.6 from 848.0 window base)",1.45,chip-clear,"CALIBRATION PLAY. Chip crop stddev collapses to <8 (2-6 range) and stays low idx31-37 (t=+1.5..+2.1), reappearing (next-play chip) at idx38; midpoint between last high frame (idx30, t=+1.4, std 17.5) and first sustained-low frame (idx31/32) taken as snap. Prior plan-doc estimate (848.0-848.1) was a looser eyeball read; this 0.1s-frame measurement is the authority.","Re-verified at 10fps against definition 'first frame ball leaves center's hands or O-line moves'. idx19(848.4)/idx20(848.5) still static presnap (HIKE prompt showing). idx21(848.6) shows visible motion blur on C(72)/LG(69) stance -- first frame of O-line movement. idx22(848.7) shows full-line drive block, unambiguous post-snap. Revises truth.csv's chip-clear read (848.45) later by 0.15s; revises the original loose eyeball estimate (848.0-848.1) later by 0.5-0.6s, confirming the task's flagged discrepancy."
48,2,1016.0,1016.4,1016.4,0.0,(carried from truth.csv; method/justification column already records the decided frame index under the same definition -- ball-release/O-line-motion -- consistent with A2-A4 chip-clear and visual-motion methods),0.4,visual-motion,"Chip crop signal noisy on this camera angle (never clean uniform read, min std ~11 mid-window). Full-frame view: formation static through idx16 (t=+0.0), game clock ticks 3:05->3:04 between idx19 and idx21, o-line clearly engaged/moving by idx21-22 (t=+0.5/+0.6); snap taken at clock-tick/motion-onset midpoint idx20 (t=+0.4).","Chip crop signal noisy on this camera angle (never clean uniform read, min std ~11 mid-window). Full-frame view: formation static through idx16 (t=+0.0), game clock ticks 3:05->3:04 between idx19 and idx21, o-line clearly engaged/moving by idx21-22 (t=+0.5/+0.6); snap taken at clock-tick/motion-onset midpoint idx20 (t=+0.4)."
55,2,1252.0,1252.35,1252.35,0.0,(carried from truth.csv; method/justification column already records the decided frame index under the same definition -- ball-release/O-line-motion -- consistent with A2-A4 chip-clear and visual-motion methods),0.35,visual-motion,Chip crop shows SNAP->HIKE prompt transition idx14-19 (t=-0.2..+0.3) but formation still set through idx19; at idx20 (t=+0.4) RB already has the ball and handoff motion is underway (post-snap). Snap taken at midpoint idx19/20 (t=+0.35).,Chip crop shows SNAP->HIKE prompt transition idx14-19 (t=-0.2..+0.3) but formation still set through idx19; at idx20 (t=+0.4) RB already has the ball and handoff motion is underway (post-snap). Snap taken at midpoint idx19/20 (t=+0.35).
63,2,1392.0,1393.15,1393.15,0.0,(carried from truth.csv; method/justification column already records the decided frame index under the same definition -- ball-release/O-line-motion -- consistent with A2-A4 chip-clear and visual-motion methods),1.15,chip-clear,"Chip crop stddev collapses to <10 and stays low from idx29 (t=+1.3); midpoint with last high frame (idx28, t=+1.2) taken as snap.","Chip crop stddev collapses to <10 and stays low from idx29 (t=+1.3); midpoint with last high frame (idx28, t=+1.2) taken as snap."
71,3,1561.0,1561.95,1561.95,0.0,(carried from truth.csv; method/justification column already records the decided frame index under the same definition -- ball-release/O-line-motion -- consistent with A2-A4 chip-clear and visual-motion methods),0.95,chip-clear,"Chip crop stddev drops to ~2.9-3.0 for 3 consecutive frames idx26-28 (t=+1.0..+1.2), narrower than the 0.5s sustain target because the broadcast cuts away immediately after (chip absent, not re-visible); midpoint with last high frame (idx25, t=+0.9) taken as snap.","Chip crop stddev drops to ~2.9-3.0 for 3 consecutive frames idx26-28 (t=+1.0..+1.2), narrower than the 0.5s sustain target because the broadcast cuts away immediately after (chip absent, not re-visible); midpoint with last high frame (idx25, t=+0.9) taken as snap."
73,3,1620.0,1621.45,1621.45,0.0,(carried from truth.csv; method/justification column already records the decided frame index under the same definition -- ball-release/O-line-motion -- consistent with A2-A4 chip-clear and visual-motion methods),1.45,chip-clear,"Chip crop stddev collapses to <10 and stays low from idx31 (t=+1.5); midpoint with last high frame (idx30, t=+1.4) taken as snap.","Chip crop stddev collapses to <10 and stays low from idx31 (t=+1.5); midpoint with last high frame (idx30, t=+1.4) taken as snap."
78,3,1697.0,1697.95,1697.95,0.0,(carried from truth.csv; method/justification column already records the decided frame index under the same definition -- ball-release/O-line-motion -- consistent with A2-A4 chip-clear and visual-motion methods),0.95,chip-clear,"Chip crop stddev collapses to <10 and stays low from idx26 (t=+1.0); midpoint with last high frame (idx25, t=+0.9) taken as snap.","Chip crop stddev collapses to <10 and stays low from idx26 (t=+1.0); midpoint with last high frame (idx25, t=+0.9) taken as snap."
85,3,1814.0,1814.85,1814.85,0.0,(carried from truth.csv; method/justification column already records the decided frame index under the same definition -- ball-release/O-line-motion -- consistent with A2-A4 chip-clear and visual-motion methods),0.85,chip-clear,"Chip crop stddev collapses to <10 and stays low from idx25 (t=+0.9); midpoint with last high frame (idx24, t=+0.8) taken as snap.","Chip crop stddev collapses to <10 and stays low from idx25 (t=+0.9); midpoint with last high frame (idx24, t=+0.8) taken as snap."
92,3,1922.0,1922.05,1922.05,0.0,(carried from truth.csv; method/justification column already records the decided frame index under the same definition -- ball-release/O-line-motion -- consistent with A2-A4 chip-clear and visual-motion methods),0.05,chip-clear,"Chip crop stddev collapses to <10 and stays low from idx17 (t=+0.1); midpoint with last high frame (idx16, t=+0.0) taken as snap.","Chip crop stddev collapses to <10 and stays low from idx17 (t=+0.1); midpoint with last high frame (idx16, t=+0.0) taken as snap."
100,3,2130.0,2130.75,2130.85,0.1,"p100/f_020.jpg (idx19/20 midpoint, window base 2129.0)",0.75,visual-motion,"Chip crop unreadable on this wide/zoomed camera angle (std never drops below ~20 in the original +/-1.5..2.5s window; a scramble already visible at t=+2.4 traced back to a menu/defense-adjust sequence extending well before the coarse mark). Re-extracted a continuous 4.0s window from t=2127.5: formation and defensive-adjust menus static through idx31 (t=2130.5), motion blur and down/distance bar update (1st&10 -> 2nd&10) onset idx33-35 (t=2130.7-2130.9); snap taken at motion-blur onset midpoint (t=2130.75).","Re-verified at 10fps. Wide/zoomed camera, ball not resolvable. idx16-18(2130.6-2130.8) formation static, defense-adjust icons still up (presnap). idx19(2130.9) QB already stepping/hips turned -- first visible motion. idx20(2131.0) full camera motion-blur (broadcast pan) confirming snap already occurred. First-motion frame taken as midpoint of idx18/19 boundary = 2130.85. Close to truth.csv's visual-motion read (2130.75, diff 0.1s); both are far later than the original loose eyeball estimate (~2130.15), confirming the task's flagged discrepancy."
105,4,2281.0,2281.55,2281.55,0.0,(carried from truth.csv; method/justification column already records the decided frame index under the same definition -- ball-release/O-line-motion -- consistent with A2-A4 chip-clear and visual-motion methods),0.55,chip-clear,"Chip crop stddev collapses to <10 and stays low from idx22 (t=+0.6); midpoint with last high frame (idx21, t=+0.5) taken as snap.","Chip crop stddev collapses to <10 and stays low from idx22 (t=+0.6); midpoint with last high frame (idx21, t=+0.5) taken as snap."
115,3,2465.0,2465.05,2465.05,0.0,(carried from truth.csv; method/justification column already records the decided frame index under the same definition -- ball-release/O-line-motion -- consistent with A2-A4 chip-clear and visual-motion methods),0.05,chip-clear,"Chip crop stddev collapses to <10 and stays low from idx17 (t=+0.1); midpoint with last high frame (idx16, t=+0.0) taken as snap.","Chip crop stddev collapses to <10 and stays low from idx17 (t=+0.1); midpoint with last high frame (idx16, t=+0.0) taken as snap."
120,4,2585.0,2585.85,2585.85,0.0,(carried from truth.csv; method/justification column already records the decided frame index under the same definition -- ball-release/O-line-motion -- consistent with A2-A4 chip-clear and visual-motion methods),0.85,chip-clear,"Chip crop stddev collapses to <10 and stays low from idx25 (t=+0.9); midpoint with last high frame (idx24, t=+0.8) taken as snap.","Chip crop stddev collapses to <10 and stays low from idx25 (t=+0.9); midpoint with last high frame (idx24, t=+0.8) taken as snap."
125,4,2684.0,2683.45,2683.45,0.0,(carried from truth.csv; method/justification column already records the decided frame index under the same definition -- ball-release/O-line-motion -- consistent with A2-A4 chip-clear and visual-motion methods),-0.55,chip-clear,"Chip crop stddev collapses to <10 and stays low from idx11 (t=-0.5); midpoint with last high frame (idx10, t=-0.6) taken as snap.","Chip crop stddev collapses to <10 and stays low from idx11 (t=-0.5); midpoint with last high frame (idx10, t=-0.6) taken as snap."
133,4,2895.0,2895.85,2895.85,0.0,(carried from truth.csv; method/justification column already records the decided frame index under the same definition -- ball-release/O-line-motion -- consistent with A2-A4 chip-clear and visual-motion methods),0.85,chip-clear,"Chip crop stddev collapses to <10 and stays low from idx25 (t=+0.9); midpoint with last high frame (idx24, t=+0.8) taken as snap.","Chip crop stddev collapses to <10 and stays low from idx25 (t=+0.9); midpoint with last high frame (idx24, t=+0.8) taken as snap."
